{"cameraMode":{"drawMode":0,"name":"Shaded","section":"Shading Mode"},"sceneLighting":true,"audioPlay":false,"sceneViewState":{"m_AlwaysRefresh":false,"showFog":true,"showSkybox":true,"showFlares":true,"showImageEffects":true,"showParticleSystems":true,"showVisualEffectGraphs":true,"m_FxEnabled":true},"in2DMode":false,"pivot":{"x":1.5557507276535035,"y":1.938852310180664,"z":1.1814002990722657},"rotation":{"x":-0.0007152162725105882,"y":0.9991114735603333,"z":-0.01889624260365963,"w":-0.03776823729276657},"size":1.5556347370147706,"orthographic":false}