{"cameraMode":{"drawMode":0,"name":"Shaded","section":"Shading Mode"},"sceneLighting":true,"audioPlay":false,"sceneViewState":{"m_AlwaysRefresh":false,"showFog":true,"showSkybox":true,"showFlares":true,"showImageEffects":true,"showParticleSystems":true,"showVisualEffectGraphs":true,"m_FxEnabled":true},"in2DMode":false,"pivot":{"x":3.6525328159332277,"y":1.3201777935028077,"z":-0.6088008880615234},"rotation":{"x":0.10714196413755417,"y":0.8264481425285339,"z":-0.1681341528892517,"w":0.5265876650810242},"size":2.9978833198547365,"orthographic":false}