{"cameraMode":{"drawMode":0,"name":"Shaded","section":"Shading Mode"},"sceneLighting":true,"audioPlay":false,"sceneViewState":{"m_AlwaysRefresh":false,"showFog":true,"showSkybox":true,"showFlares":true,"showImageEffects":true,"showParticleSystems":true,"showVisualEffectGraphs":true,"m_FxEnabled":true},"in2DMode":false,"pivot":{"x":651.156005859375,"y":107.72938537597656,"z":437.25762939453127},"rotation":{"x":0.00042706847307272255,"y":0.9800022840499878,"z":-0.19906246662139893,"w":0.0020677305292338135},"size":214.69549560546876,"orthographic":false}