{"cameraMode":{"drawMode":0,"name":"Shaded","section":"Shading Mode"},"sceneLighting":false,"audioPlay":false,"sceneViewState":{"m_AlwaysRefresh":false,"showFog":true,"showSkybox":false,"showFlares":true,"showImageEffects":true,"showParticleSystems":true,"showVisualEffectGraphs":true,"m_FxEnabled":true},"in2DMode":false,"pivot":{"x":1.9052996635437012,"y":1.9200000762939454,"z":1.269177794456482},"rotation":{"x":-0.0071339053101837639,"y":0.974547803401947,"z":-0.22242306172847749,"w":-0.030054235830903055},"size":1.5556347370147706,"orthographic":false}